Supplier,Total_POs,Avg_Days_To_Delivery,Avg_Days_Past_Due,Total_Cost_Savings,Delayed_POs,OnTime_POs,Pending_POs,On_Time_%
Alpha_Inc,141,10.591666666666667,546.8297872340426,688920.49,53,77,11,54.6
Beta_Supplies,156,11.272727272727273,559.8974358974359,889940.89,56,81,19,51.9
Delta_Logistics,171,10.848684210526315,534.9824561403509,781976.4899999999,48,106,17,62.0
Epsilon_Group,166,10.865771812080537,585.8614457831326,844980.1799999999,55,93,18,56.0
Gamma_Co,143,10.18939393939394,613.6713286713286,725308.4199999999,40,87,16,60.8
